id,identifier,form_identifier,pokemon_id,is_default_form,introduced_in_version_group_id,is_battle_only,height_m,weight_kg
1,bulbasaur,,1,1,1,0,0.7,6.9
2,ivysaur,,2,1,1,0,1,13
3,venusaur,,3,1,1,0,2,100
4,charmander,,4,1,1,0,0.6,8.5
5,charmeleon,,5,1,1,0,1.1,19
6,charizard,,6,1,1,0,1.7,90.5
7,squirtle,,7,1,1,0,0.5,9
8,wartortle,,8,1,1,0,1,22.5
9,blastoise,,9,1,1,0,1.6,85.5
10,caterpie,,10,1,1,0,0.3,2.9
11,metapod,,11,1,1,0,0.7,9.9
12,butterfree,,12,1,1,0,1.1,32
13,weedle,,13,1,1,0,0.3,3.2
14,kakuna,,14,1,1,0,0.6,10
15,beedrill,,15,1,1,0,1,29.5
16,pidgey,,16,1,1,0,0.3,1.8
17,pidgeotto,,17,1,1,0,1.1,30
18,pidgeot,,18,1,1,0,1.5,39.5
19,rattata,,19,1,1,0,0.3,3.5
20,raticate,,20,1,1,0,0.7,18.5
21,spearow,,21,1,1,0,0.3,2
22,fearow,,22,1,1,0,1.2,38
23,ekans,,23,1,1,0,2,6.9
24,arbok,,24,1,1,0,3.5,65
25,pikachu,,25,1,1,0,0.4,6
26,raichu,,26,1,1,0,0.8,30
27,sandshrew,,27,1,1,0,0.6,12
28,sandslash,,28,1,1,0,1,29.5
29,nidoran-f,,29,1,1,0,0.4,7
30,nidorina,,30,1,1,0,0.8,20
31,nidoqueen,,31,1,1,0,1.3,60
32,nidoran-m,,32,1,1,0,0.5,9
33,nidorino,,33,1,1,0,0.9,19.5
34,nidoking,,34,1,1,0,1.4,62
35,clefairy,,35,1,1,0,0.6,7.5
36,clefable,,36,1,1,0,1.3,40
37,vulpix,,37,1,1,0,0.6,9.9
38,ninetales,,38,1,1,0,1.1,19.9
39,jigglypuff,,39,1,1,0,0.5,5.5
40,wigglytuff,,40,1,1,0,1,12
41,zubat,,41,1,1,0,0.8,7.5
42,golbat,,42,1,1,0,1.6,55
43,oddish,,43,1,1,0,0.5,5.4
44,gloom,,44,1,1,0,0.8,8.6
45,vileplume,,45,1,1,0,1.2,18.6
46,paras,,46,1,1,0,0.3,5.4
47,parasect,,47,1,1,0,1,29.5
48,venonat,,48,1,1,0,1,30
49,venomoth,,49,1,1,0,1.5,12.5
50,diglett,,50,1,1,0,0.2,0.8
51,dugtrio,,51,1,1,0,0.7,33.3
52,meowth,,52,1,1,0,0.4,4.2
53,persian,,53,1,1,0,1,32
54,psyduck,,54,1,1,0,0.8,19.6
55,golduck,,55,1,1,0,1.7,76.6
56,mankey,,56,1,1,0,0.5,28
57,primeape,,57,1,1,0,1,32
58,growlithe,,58,1,1,0,0.7,19
59,arcanine,,59,1,1,0,1.9,155
60,poliwag,,60,1,1,0,0.6,12.4
61,poliwhirl,,61,1,1,0,1,20
62,poliwrath,,62,1,1,0,1.3,54
63,abra,,63,1,1,0,0.9,19.5
64,kadabra,,64,1,1,0,1.3,56.5
65,alakazam,,65,1,1,0,1.5,48
66,machop,,66,1,1,0,0.8,19.5
67,machoke,,67,1,1,0,1.5,70.5
68,machamp,,68,1,1,0,1.6,130
69,bellsprout,,69,1,1,0,0.7,4
70,weepinbell,,70,1,1,0,1,6.4
71,victreebel,,71,1,1,0,1.7,15.5
72,tentacool,,72,1,1,0,0.9,45.5
73,tentacruel,,73,1,1,0,1.6,55
74,geodude,,74,1,1,0,0.4,20
75,graveler,,75,1,1,0,1,105
76,golem,,76,1,1,0,1.4,300
77,ponyta,,77,1,1,0,1,30
78,rapidash,,78,1,1,0,1.7,95
79,slowpoke,,79,1,1,0,1.2,36
80,slowbro,,80,1,1,0,1.6,78.5
81,magnemite,,81,1,1,0,0.3,6
82,magneton,,82,1,1,0,1,60
83,farfetch-d,,83,1,1,0,0.8,15
84,doduo,,84,1,1,0,1.4,39.2
85,dodrio,,85,1,1,0,1.8,85.2
86,seel,,86,1,1,0,1.1,90
87,dewgong,,87,1,1,0,1.7,120
88,grimer,,88,1,1,0,0.9,30
89,muk,,89,1,1,0,1.2,30
90,shellder,,90,1,1,0,0.3,4
91,cloyster,,91,1,1,0,1.5,132.5
92,gastly,,92,1,1,0,1.3,0.1
93,haunter,,93,1,1,0,1.6,0.1
94,gengar,,94,1,1,0,1.5,40.5
95,onix,,95,1,1,0,8.8,210
96,drowzee,,96,1,1,0,1,32.4
97,hypno,,97,1,1,0,1.6,75.6
98,krabby,,98,1,1,0,0.4,6.5
99,kingler,,99,1,1,0,1.3,60
100,voltorb,,100,1,1,0,0.5,10.4
101,electrode,,101,1,1,0,1.2,66.6
102,exeggcute,,102,1,1,0,0.4,2.5
103,exeggutor,,103,1,1,0,2,120
104,cubone,,104,1,1,0,0.4,6.5
105,marowak,,105,1,1,0,1,45
106,hitmonlee,,106,1,1,0,1.5,49.8
107,hitmonchan,,107,1,1,0,1.4,50.2
108,lickitung,,108,1,1,0,1.2,65.5
109,koffing,,109,1,1,0,0.6,1
110,weezing,,110,1,1,0,1.2,9.5
111,rhyhorn,,111,1,1,0,1,115
112,rhydon,,112,1,1,0,1.9,120
113,chansey,,113,1,1,0,1.1,34.6
114,tangela,,114,1,1,0,1,35
115,kangaskhan,,115,1,1,0,2.2,80
116,horsea,,116,1,1,0,0.4,8
117,seadra,,117,1,1,0,1.2,25
118,goldeen,,118,1,1,0,0.6,15
119,seaking,,119,1,1,0,1.3,39
120,staryu,,120,1,1,0,0.8,34.5
121,starmie,,121,1,1,0,1.1,80
122,mr-mime,,122,1,1,0,1.3,54.5
123,scyther,,123,1,1,0,1.5,56
124,jynx,,124,1,1,0,1.4,40.6
125,electabuzz,,125,1,1,0,1.1,30
126,magmar,,126,1,1,0,1.3,44.5
127,pinsir,,127,1,1,0,1.5,55
128,tauros,,128,1,1,0,1.4,88.4
129,magikarp,,129,1,1,0,0.9,10
130,gyarados,,130,1,1,0,6.5,235
131,lapras,,131,1,1,0,2.5,220
132,ditto,,132,1,1,0,0.3,4
133,eevee,,133,1,1,0,0.3,6.5
134,vaporeon,,134,1,1,0,1,29
135,jolteon,,135,1,1,0,0.8,24.5
136,flareon,,136,1,1,0,0.9,25
137,porygon,,137,1,1,0,0.8,36.5
138,omanyte,,138,1,1,0,0.4,7.5
139,omastar,,139,1,1,0,1,35
140,kabuto,,140,1,1,0,0.5,11.5
141,kabutops,,141,1,1,0,1.3,40.5
142,aerodactyl,,142,1,1,0,1.8,59
143,snorlax,,143,1,1,0,2.1,460
144,articuno,,144,1,1,0,1.7,55.4
145,zapdos,,145,1,1,0,1.6,52.6
146,moltres,,146,1,1,0,2,60
147,dratini,,147,1,1,0,1.8,3.3
148,dragonair,,148,1,1,0,4,16.5
149,dragonite,,149,1,1,0,2.2,210
150,mewtwo,,150,1,1,0,2,122
151,mew,,151,1,1,0,0.4,4
152,chikorita,,152,1,5,0,0.9,6.4
153,bayleef,,153,1,5,0,1.2,15.8
154,meganium,,154,1,5,0,1.8,100.5
155,cyndaquil,,155,1,5,0,0.5,7.9
156,quilava,,156,1,5,0,0.9,19
157,typhlosion,,157,1,5,0,1.7,79.5
158,totodile,,158,1,5,0,0.6,9.5
159,croconaw,,159,1,5,0,1.1,25
160,feraligatr,,160,1,5,0,2.3,88.8
161,sentret,,161,1,5,0,0.8,6
162,furret,,162,1,5,0,1.8,32.5
163,hoothoot,,163,1,5,0,0.7,21.2
164,noctowl,,164,1,5,0,1.6,40.8
165,ledyba,,165,1,5,0,1,10.8
166,ledian,,166,1,5,0,1.4,35.6
167,spinarak,,167,1,5,0,0.5,8.5
168,ariados,,168,1,5,0,1.1,33.5
169,crobat,,169,1,5,0,1.8,75
170,chinchou,,170,1,5,0,0.5,12
171,lanturn,,171,1,5,0,1.2,22.5
172,pichu,,172,1,5,0,0.3,2
173,cleffa,,173,1,5,0,0.3,3
174,igglybuff,,174,1,5,0,0.3,1
175,togepi,,175,1,5,0,0.3,1.5
176,togetic,,176,1,5,0,0.6,3.2
177,natu,,177,1,5,0,0.2,2
178,xatu,,178,1,5,0,1.5,15
179,mareep,,179,1,5,0,0.6,7.8
180,flaaffy,,180,1,5,0,0.8,13.3
181,ampharos,,181,1,5,0,1.4,61.5
182,bellossom,,182,1,5,0,0.4,5.8
183,marill,,183,1,5,0,0.4,8.5
184,azumarill,,184,1,5,0,0.8,28.5
185,sudowoodo,,185,1,5,0,1.2,38
186,politoed,,186,1,5,0,1.1,33.9
187,hoppip,,187,1,5,0,0.4,0.5
188,skiploom,,188,1,5,0,0.6,1
189,jumpluff,,189,1,5,0,0.8,3
190,aipom,,190,1,5,0,0.8,11.5
191,sunkern,,191,1,5,0,0.3,1.8
192,sunflora,,192,1,5,0,0.8,8.5
193,yanma,,193,1,5,0,1.2,38
194,wooper,,194,1,5,0,0.4,8.5
195,quagsire,,195,1,5,0,1.4,75
196,espeon,,196,1,5,0,0.9,26.5
197,umbreon,,197,1,5,0,1,27
198,murkrow,,198,1,5,0,0.5,2.1
199,slowking,,199,1,5,0,2,79.5
200,misdreavus,,200,1,5,0,0.7,1
201,unown-a,a,201,1,5,0,0.5,5
202,wobbuffet,,202,1,5,0,1.3,28.5
203,girafarig,,203,1,5,0,1.5,41.5
204,pineco,,204,1,5,0,0.6,7.2
205,forretress,,205,1,5,0,1.2,125.8
206,dunsparce,,206,1,5,0,1.5,14
207,gligar,,207,1,5,0,1.1,64.8
208,steelix,,208,1,5,0,9.2,400
209,snubbull,,209,1,5,0,0.6,7.8
210,granbull,,210,1,5,0,1.4,48.7
211,qwilfish,,211,1,5,0,0.5,3.9
212,scizor,,212,1,5,0,1.8,118
213,shuckle,,213,1,5,0,0.6,20.5
214,heracross,,214,1,5,0,1.5,54
215,sneasel,,215,1,5,0,0.9,28
216,teddiursa,,216,1,5,0,0.6,8.8
217,ursaring,,217,1,5,0,1.8,125.8
218,slugma,,218,1,5,0,0.7,35
219,magcargo,,219,1,5,0,0.8,55
220,swinub,,220,1,5,0,0.4,6.5
221,piloswine,,221,1,5,0,1.1,55.8
222,corsola,,222,1,5,0,0.6,5
223,remoraid,,223,1,5,0,0.6,12
224,octillery,,224,1,5,0,0.9,28.5
225,delibird,,225,1,5,0,0.9,16
226,mantine,,226,1,5,0,2.1,220
227,skarmory,,227,1,5,0,1.7,50.5
228,houndour,,228,1,5,0,0.6,10.8
229,houndoom,,229,1,5,0,1.4,35
230,kingdra,,230,1,5,0,1.8,152
231,phanpy,,231,1,5,0,0.5,33.5
232,donphan,,232,1,5,0,1.1,120
233,porygon2,,233,1,5,0,0.6,32.5
234,stantler,,234,1,5,0,1.4,71.2
235,smeargle,,235,1,5,0,1.2,58
236,tyrogue,,236,1,5,0,0.7,21
237,hitmontop,,237,1,5,0,1.4,48
238,smoochum,,238,1,5,0,0.4,6
239,elekid,,239,1,5,0,0.6,23.5
240,magby,,240,1,5,0,0.7,21.4
241,miltank,,241,1,5,0,1.2,75.5
242,blissey,,242,1,5,0,1.5,46.8
243,raikou,,243,1,5,0,1.9,178
244,entei,,244,1,5,0,2.1,198
245,suicune,,245,1,5,0,2,187
246,larvitar,,246,1,5,0,0.6,72
247,pupitar,,247,1,5,0,1.2,152
248,tyranitar,,248,1,5,0,2,202
249,lugia,,249,1,5,0,5.2,216
250,ho-oh,,250,1,5,0,3.8,199
251,celebi,,251,1,5,0,0.6,5
252,treecko,,252,1,7,0,0.5,5
253,grovyle,,253,1,7,0,0.9,21.6
254,sceptile,,254,1,7,0,1.7,52.2
255,torchic,,255,1,7,0,0.4,2.5
256,combusken,,256,1,7,0,0.9,19.5
257,blaziken,,257,1,7,0,1.9,52
258,mudkip,,258,1,7,0,0.4,7.6
259,marshtomp,,259,1,7,0,0.7,28
260,swampert,,260,1,7,0,1.5,81.9
261,poochyena,,261,1,7,0,0.5,13.6
262,mightyena,,262,1,7,0,1,37
263,zigzagoon,,263,1,7,0,0.4,17.5
264,linoone,,264,1,7,0,0.5,32.5
265,wurmple,,265,1,7,0,0.3,3.6
266,silcoon,,266,1,7,0,0.6,10
267,beautifly,,267,1,7,0,1,28.4
268,cascoon,,268,1,7,0,0.7,11.5
269,dustox,,269,1,7,0,1.2,31.6
270,lotad,,270,1,7,0,0.5,2.6
271,lombre,,271,1,7,0,1.2,32.5
272,ludicolo,,272,1,7,0,1.5,55
273,seedot,,273,1,7,0,0.5,4
274,nuzleaf,,274,1,7,0,1,28
275,shiftry,,275,1,7,0,1.3,59.6
276,taillow,,276,1,7,0,0.3,2.3
277,swellow,,277,1,7,0,0.7,19.8
278,wingull,,278,1,7,0,0.6,9.5
279,pelipper,,279,1,7,0,1.2,28
280,ralts,,280,1,7,0,0.4,6.6
281,kirlia,,281,1,7,0,0.8,20.2
282,gardevoir,,282,1,7,0,1.6,48.4
283,surskit,,283,1,7,0,0.5,1.7
284,masquerain,,284,1,7,0,0.8,3.6
285,shroomish,,285,1,7,0,0.4,4.5
286,breloom,,286,1,7,0,1.2,39.2
287,slakoth,,287,1,7,0,0.8,24
288,vigoroth,,288,1,7,0,1.4,46.5
289,slaking,,289,1,7,0,2,130.5
290,nincada,,290,1,7,0,0.5,5.5
291,ninjask,,291,1,7,0,0.8,12
292,shedinja,,292,1,7,0,0.8,1.2
293,whismur,,293,1,7,0,0.6,16.3
294,loudred,,294,1,7,0,1,40.5
295,exploud,,295,1,7,0,1.5,84
296,makuhita,,296,1,7,0,1,86.4
297,hariyama,,297,1,7,0,2.3,253.8
298,azurill,,298,1,7,0,0.2,2
299,nosepass,,299,1,7,0,1,97
300,skitty,,300,1,7,0,0.6,11
301,delcatty,,301,1,7,0,1.1,32.6
302,sableye,,302,1,7,0,0.5,11
303,mawile,,303,1,7,0,0.6,11.5
304,aron,,304,1,7,0,0.4,60
305,lairon,,305,1,7,0,0.9,120
306,aggron,,306,1,7,0,2.1,360
307,meditite,,307,1,7,0,0.6,11.2
308,medicham,,308,1,7,0,1.3,31.5
309,electrike,,309,1,7,0,0.6,15.2
310,manectric,,310,1,7,0,1.5,40.2
311,plusle,,311,1,7,0,0.4,4.2
312,minun,,312,1,7,0,0.4,4.2
313,volbeat,,313,1,7,0,0.7,17.7
314,illumise,,314,1,7,0,0.6,17.7
315,roselia,,315,1,7,0,0.3,2
316,gulpin,,316,1,7,0,0.4,10.3
317,swalot,,317,1,7,0,1.7,80
318,carvanha,,318,1,7,0,0.8,20.8
319,sharpedo,,319,1,7,0,1.8,88.8
320,wailmer,,320,1,7,0,2,130
321,wailord,,321,1,7,0,14.5,398
322,numel,,322,1,7,0,0.7,24
323,camerupt,,323,1,7,0,1.9,220
324,torkoal,,324,1,7,0,0.5,80.4
325,spoink,,325,1,7,0,0.7,30.6
326,grumpig,,326,1,7,0,0.9,71.5
327,spinda,,327,1,7,0,1.1,5
328,trapinch,,328,1,7,0,0.7,15
329,vibrava,,329,1,7,0,1.1,15.3
330,flygon,,330,1,7,0,2,82
331,cacnea,,331,1,7,0,0.4,51.3
332,cacturne,,332,1,7,0,1.3,77.4
333,swablu,,333,1,7,0,0.4,1.2
334,altaria,,334,1,7,0,1.1,20.6
335,zangoose,,335,1,7,0,1.3,40.3
336,seviper,,336,1,7,0,2.7,52.5
337,lunatone,,337,1,7,0,1,168
338,solrock,,338,1,7,0,1.2,154
339,barboach,,339,1,7,0,0.4,1.9
340,whiscash,,340,1,7,0,0.9,23.6
341,corphish,,341,1,7,0,0.6,11.5
342,crawdaunt,,342,1,7,0,1.1,32.8
343,baltoy,,343,1,7,0,0.5,21.5
344,claydol,,344,1,7,0,1.5,108
345,lileep,,345,1,7,0,1,23.8
346,cradily,,346,1,7,0,1.5,60.4
347,anorith,,347,1,7,0,0.7,12.5
348,armaldo,,348,1,7,0,1.5,68.2
349,feebas,,349,1,7,0,0.6,7.4
350,milotic,,350,1,7,0,6.2,162
351,castform-normal,normal,351,1,7,0,0.3,0.8
352,kecleon,,352,1,7,0,1,22
353,shuppet,,353,1,7,0,0.6,2.3
354,banette,,354,1,7,0,1.1,12.5
355,duskull,,355,1,7,0,0.8,15
356,dusclops,,356,1,7,0,1.6,30.6
357,tropius,,357,1,7,0,2,100
358,chimecho,,358,1,7,0,0.6,1
359,absol,,359,1,7,0,1.2,47
360,wynaut,,360,1,7,0,0.6,14
361,snorunt,,361,1,7,0,0.7,16.8
362,glalie,,362,1,7,0,1.5,256.5
363,spheal,,363,1,7,0,0.8,39.5
364,sealeo,,364,1,7,0,1.1,87.6
365,walrein,,365,1,7,0,1.4,150.6
366,clamperl,,366,1,7,0,0.4,52.5
367,huntail,,367,1,7,0,1.7,27
368,gorebyss,,368,1,7,0,1.8,22.6
369,relicanth,,369,1,7,0,1,23.4
370,luvdisc,,370,1,7,0,0.6,8.7
371,bagon,,371,1,7,0,0.6,42.1
372,shelgon,,372,1,7,0,1.1,110.5
373,salamence,,373,1,7,0,1.5,102.6
374,beldum,,374,1,7,0,0.6,95.2
375,metang,,375,1,7,0,1.2,202.5
376,metagross,,376,1,7,0,1.6,550
377,regirock,,377,1,7,0,1.7,230
378,regice,,378,1,7,0,1.8,175
379,registeel,,379,1,7,0,1.9,205
380,latias,,380,1,7,0,1.4,40
381,latios,,381,1,7,0,2,60
382,kyogre,,382,1,7,0,4.5,352
383,groudon,,383,1,7,0,3.5,950
384,rayquaza,,384,1,7,0,7,206.5
385,jirachi,,385,1,7,0,0.3,1.1
386,deoxys-normal,normal,386,1,7,0,1.7,60.8
387,turtwig,,387,1,10,0,0.4,10.2
388,grotle,,388,1,10,0,1.1,97
389,torterra,,389,1,10,0,2.2,310
390,chimchar,,390,1,10,0,0.5,6.2
391,monferno,,391,1,10,0,0.9,22
392,infernape,,392,1,10,0,1.2,55
393,piplup,,393,1,10,0,0.4,5.2
394,prinplup,,394,1,10,0,0.8,23
395,empoleon,,395,1,10,0,1.7,84.5
396,starly,,396,1,10,0,0.3,2
397,staravia,,397,1,10,0,0.6,15.5
398,staraptor,,398,1,10,0,1.2,24.9
399,bidoof,,399,1,10,0,0.5,20
400,bibarel,,400,1,10,0,1,31.5
401,kricketot,,401,1,10,0,0.3,2.2
402,kricketune,,402,1,10,0,1,25.5
403,shinx,,403,1,10,0,0.5,9.5
404,luxio,,404,1,10,0,0.9,30.5
405,luxray,,405,1,10,0,1.4,42
406,budew,,406,1,10,0,0.2,1.2
407,roserade,,407,1,10,0,0.9,14.5
408,cranidos,,408,1,10,0,0.9,31.5
409,rampardos,,409,1,10,0,1.6,102.5
410,shieldon,,410,1,10,0,0.5,57
411,bastiodon,,411,1,10,0,1.3,149.5
412,burmy-plant,plant,412,1,10,0,0.2,3.4
413,wormadam-plant,plant,413,1,10,0,0.5,6.5
414,mothim,,414,1,10,0,0.9,23.3
415,combee,,415,1,10,0,0.3,5.5
416,vespiquen,,416,1,10,0,1.2,38.5
417,pachirisu,,417,1,10,0,0.4,3.9
418,buizel,,418,1,10,0,0.7,29.5
419,floatzel,,419,1,10,0,1.1,33.5
420,cherubi,,420,1,10,0,0.4,3.3
421,cherrim-overcast,overcast,421,1,10,0,0.5,9.3
422,shellos-west,west,422,1,10,0,0.3,6.3
423,gastrodon-west,west,423,1,10,0,0.9,29.9
424,ambipom,,424,1,10,0,1.2,20.3
425,drifloon,,425,1,10,0,0.4,1.2
426,drifblim,,426,1,10,0,1.2,15
427,buneary,,427,1,10,0,0.4,5.5
428,lopunny,,428,1,10,0,1.2,33.3
429,mismagius,,429,1,10,0,0.9,4.4
430,honchkrow,,430,1,10,0,0.9,27.3
431,glameow,,431,1,10,0,0.5,3.9
432,purugly,,432,1,10,0,1,43.8
433,chingling,,433,1,10,0,0.2,0.6
434,stunky,,434,1,10,0,0.4,19.2
435,skuntank,,435,1,10,0,1,38
436,bronzor,,436,1,10,0,0.5,60.5
437,bronzong,,437,1,10,0,1.3,187
438,bonsly,,438,1,10,0,0.5,15
439,mime-jr,,439,1,10,0,0.6,13
440,happiny,,440,1,10,0,0.6,24.4
441,chatot,,441,1,10,0,0.5,1.9
442,spiritomb,,442,1,10,0,1,108
443,gible,,443,1,10,0,0.7,20.5
444,gabite,,444,1,10,0,1.4,56
445,garchomp,,445,1,10,0,1.9,95
446,munchlax,,446,1,10,0,0.6,105
447,riolu,,447,1,10,0,0.7,20.2
448,lucario,,448,1,10,0,1.2,54
449,hippopotas,,449,1,10,0,0.8,49.5
450,hippowdon,,450,1,10,0,2,300
451,skorupi,,451,1,10,0,0.8,12
452,drapion,,452,1,10,0,1.3,61.5
453,croagunk,,453,1,10,0,0.7,23
454,toxicroak,,454,1,10,0,1.3,44.4
455,carnivine,,455,1,10,0,1.4,27
456,finneon,,456,1,10,0,0.4,7
457,lumineon,,457,1,10,0,1.2,24
458,mantyke,,458,1,10,0,1,65
459,snover,,459,1,10,0,1,50.5
460,abomasnow,,460,1,10,0,2.2,135.5
461,weavile,,461,1,10,0,1.1,34
462,magnezone,,462,1,10,0,1.2,180
463,lickilicky,,463,1,10,0,1.7,140
464,rhyperior,,464,1,10,0,2.4,282.8
465,tangrowth,,465,1,10,0,2,128.6
466,electivire,,466,1,10,0,1.8,138.6
467,magmortar,,467,1,10,0,1.6,68
468,togekiss,,468,1,10,0,1.5,38
469,yanmega,,469,1,10,0,1.9,51.5
470,leafeon,,470,1,10,0,1,25.5
471,glaceon,,471,1,10,0,0.8,25.9
472,gliscor,,472,1,10,0,2,42.5
473,mamoswine,,473,1,10,0,2.5,291
474,porygon-z,,474,1,10,0,0.9,34
475,gallade,,475,1,10,0,1.6,52
476,probopass,,476,1,10,0,1.4,340
477,dusknoir,,477,1,10,0,2.2,106.6
478,froslass,,478,1,10,0,1.3,26.6
479,rotom,,479,1,10,0,0.3,0.3
480,uxie,,480,1,10,0,0.3,0.3
481,mesprit,,481,1,10,0,0.3,0.3
482,azelf,,482,1,10,0,0.3,0.3
483,dialga,,483,1,10,0,5.4,683
484,palkia,,484,1,10,0,4.2,336
485,heatran,,485,1,10,0,1.7,430
486,regigigas,,486,1,10,0,3.7,420
487,giratina-altered,altered,487,1,10,0,4.5,750
488,cresselia,,488,1,10,0,1.5,85.6
489,phione,,489,1,10,0,0.4,3.1
490,manaphy,,490,1,10,0,0.3,1.4
491,darkrai,,491,1,10,0,1.5,50.5
492,shaymin-land,land,492,1,10,0,0.2,2.1
493,arceus-normal,normal,493,1,10,0,3.2,320
494,victini,,494,1,13,0,0.4,4
495,snivy,,495,1,13,0,0.6,8.1
496,servine,,496,1,13,0,0.8,16
497,serperior,,497,1,13,0,3.3,63
498,tepig,,498,1,13,0,0.5,9.9
499,pignite,,499,1,13,0,1,55.5
500,emboar,,500,1,13,0,1.6,150
501,oshawott,,501,1,13,0,0.5,5.9
502,dewott,,502,1,13,0,0.8,24.5
503,samurott,,503,1,13,0,1.5,94.6
504,patrat,,504,1,13,0,0.5,11.6
505,watchog,,505,1,13,0,1.1,27
506,lillipup,,506,1,13,0,0.4,4.1
507,herdier,,507,1,13,0,0.9,14.7
508,stoutland,,508,1,13,0,1.2,61
509,purrloin,,509,1,13,0,0.4,10.1
510,liepard,,510,1,13,0,1.1,37.5
511,pansage,,511,1,13,0,0.6,10.5
512,simisage,,512,1,13,0,1.1,30.5
513,pansear,,513,1,13,0,0.6,11
514,simisear,,514,1,13,0,1,28
515,panpour,,515,1,13,0,0.6,13.5
516,simipour,,516,1,13,0,1,29
517,munna,,517,1,13,0,0.6,23.3
518,musharna,,518,1,13,0,1.1,60.5
519,pidove,,519,1,13,0,0.3,2.1
520,tranquill,,520,1,13,0,0.6,15
521,unfezant,,521,1,13,0,1.2,29
522,blitzle,,522,1,13,0,0.8,29.8
523,zebstrika,,523,1,13,0,1.6,79.5
524,roggenrola,,524,1,13,0,0.4,18
525,boldore,,525,1,13,0,0.9,102
526,gigalith,,526,1,13,0,1.7,260
527,woobat,,527,1,13,0,0.4,2.1
528,swoobat,,528,1,13,0,0.9,10.5
529,drilbur,,529,1,13,0,0.3,8.5
530,excadrill,,530,1,13,0,0.7,40.4
531,audino,,531,1,13,0,1.1,31
532,timburr,,532,1,13,0,0.6,12.5
533,gurdurr,,533,1,13,0,1.2,40
534,conkeldurr,,534,1,13,0,1.4,87
535,tympole,,535,1,13,0,0.5,4.5
536,palpitoad,,536,1,13,0,0.8,17
537,seismitoad,,537,1,13,0,1.5,62
538,throh,,538,1,13,0,1.3,55.5
539,sawk,,539,1,13,0,1.4,51
540,sewaddle,,540,1,13,0,0.3,2.5
541,swadloon,,541,1,13,0,0.5,7.3
542,leavanny,,542,1,13,0,1.2,20.5
543,venipede,,543,1,13,0,0.4,5.3
544,whirlipede,,544,1,13,0,1.2,58.5
545,scolipede,,545,1,13,0,2.5,200.5
546,cottonee,,546,1,13,0,0.3,0.6
547,whimsicott,,547,1,13,0,0.7,6.6
548,petilil,,548,1,13,0,0.5,6.6
549,lilligant,,549,1,13,0,1.1,16.3
550,basculin-red,red,550,1,13,0,1,18
551,sandile,,551,1,13,0,0.7,15.2
552,krokorok,,552,1,13,0,1,33.4
553,krookodile,,553,1,13,0,1.5,96.3
554,darumaka,,554,1,13,0,0.6,37.5
555,darmanitan-standard,standard,555,1,13,0,1.3,92.9
556,maractus,,556,1,13,0,1,28
557,dwebble,,557,1,13,0,0.3,14.5
558,crustle,,558,1,13,0,1.4,200
559,scraggy,,559,1,13,0,0.6,11.8
560,scrafty,,560,1,13,0,1.1,30
561,sigilyph,,561,1,13,0,1.4,14
562,yamask,,562,1,13,0,0.5,1.5
563,cofagrigus,,563,1,13,0,1.7,76.5
564,tirtouga,,564,1,13,0,0.7,16.5
565,carracosta,,565,1,13,0,1.2,81
566,archen,,566,1,13,0,0.5,9.5
567,archeops,,567,1,13,0,1.4,32
568,trubbish,,568,1,13,0,0.6,31
569,garbodor,,569,1,13,0,1.9,107.3
570,zorua,,570,1,13,0,0.7,12.5
571,zoroark,,571,1,13,0,1.6,81.1
572,minccino,,572,1,13,0,0.4,5.8
573,cinccino,,573,1,13,0,0.5,7.5
574,gothita,,574,1,13,0,0.4,5.8
575,gothorita,,575,1,13,0,0.7,18
576,gothitelle,,576,1,13,0,1.5,44
577,solosis,,577,1,13,0,0.3,1
578,duosion,,578,1,13,0,0.6,8
579,reuniclus,,579,1,13,0,1,20.1
580,ducklett,,580,1,13,0,0.5,5.5
581,swanna,,581,1,13,0,1.3,24.2
582,vanillite,,582,1,13,0,0.4,5.7
583,vanillish,,583,1,13,0,1.1,41
584,vanilluxe,,584,1,13,0,1.3,57.5
585,deerling-spring,spring,585,1,13,0,0.6,19.5
586,sawsbuck-spring,spring,586,1,13,0,1.9,92.5
587,emolga,,587,1,13,0,0.4,5
588,karrablast,,588,1,13,0,0.5,5.9
589,escavalier,,589,1,13,0,1,33
590,foongus,,590,1,13,0,0.2,1
591,amoonguss,,591,1,13,0,0.6,10.5
592,frillish,,592,1,13,0,1.2,33
593,jellicent,,593,1,13,0,2.2,135
594,alomomola,,594,1,13,0,1.2,31.6
595,joltik,,595,1,13,0,0.1,0.6
596,galvantula,,596,1,13,0,0.8,14.3
597,ferroseed,,597,1,13,0,0.6,18.8
598,ferrothorn,,598,1,13,0,1,110
599,klink,,599,1,13,0,0.3,21
600,klang,,600,1,13,0,0.6,51
601,klinklang,,601,1,13,0,0.6,81
602,tynamo,,602,1,13,0,0.2,0.3
603,eelektrik,,603,1,13,0,1.2,22
604,eelektross,,604,1,13,0,2.1,80.5
605,elgyem,,605,1,13,0,0.5,9
606,beheeyem,,606,1,13,0,1,34.5
607,litwick,,607,1,13,0,0.3,3.1
608,lampent,,608,1,13,0,0.6,13
609,chandelure,,609,1,13,0,1,34.3
610,axew,,610,1,13,0,0.6,18
611,fraxure,,611,1,13,0,1,36
612,haxorus,,612,1,13,0,1.8,105.5
613,cubchoo,,613,1,13,0,0.5,8.5
614,beartic,,614,1,13,0,2.6,260
615,cryogonal,,615,1,13,0,1.1,148
616,shelmet,,616,1,13,0,0.4,7.7
617,accelgor,,617,1,13,0,0.8,25.3
618,stunfisk,,618,1,13,0,0.7,11
619,mienfoo,,619,1,13,0,0.9,20
620,mienshao,,620,1,13,0,1.4,35.5
621,druddigon,,621,1,13,0,1.6,139
622,golett,,622,1,13,0,1,92
623,golurk,,623,1,13,0,2.8,330
624,pawniard,,624,1,13,0,0.5,10.2
625,bisharp,,625,1,13,0,1.6,70
626,bouffalant,,626,1,13,0,1.6,94.6
627,rufflet,,627,1,13,0,0.5,10.5
628,braviary,,628,1,13,0,1.5,41
629,vullaby,,629,1,13,0,0.5,9
630,mandibuzz,,630,1,13,0,1.2,39.5
631,heatmor,,631,1,13,0,1.4,58
632,durant,,632,1,13,0,0.3,33
633,deino,,633,1,13,0,0.8,17.3
634,zweilous,,634,1,13,0,1.4,50
635,hydreigon,,635,1,13,0,1.8,160
636,larvesta,,636,1,13,0,1.1,28.8
637,volcarona,,637,1,13,0,1.6,46
638,cobalion,,638,1,13,0,2.1,250
639,terrakion,,639,1,13,0,1.9,260
640,virizion,,640,1,13,0,2,200
641,tornadus-incarnate,incarnate,641,1,13,0,1.5,63
642,thundurus-incarnate,incarnate,642,1,13,0,1.5,61
643,reshiram,,643,1,13,0,3.2,330
644,zekrom,,644,1,13,0,2.9,345
645,landorus-incarnate,incarnate,645,1,13,0,1.5,68
646,kyurem,,646,1,13,0,3,325
647,keldeo-ordinary,ordinary,647,1,13,0,1.4,48.5
648,meloetta-aria,aria,648,1,13,0,0.6,6.5
649,genesect,,649,1,13,0,1.5,82.5
650,chespin,,650,1,15,0,0.4,9
651,quilladin,,651,1,15,0,0.7,29
652,chesnaught,,652,1,15,0,1.6,90
653,fennekin,,653,1,15,0,0.4,9.4
654,braixen,,654,1,15,0,1,14.5
655,delphox,,655,1,15,0,1.5,39
656,froakie,,656,1,15,0,0.3,7
657,frogadier,,657,1,15,0,0.6,10.9
658,greninja,,658,1,15,0,1.5,40
659,bunnelby,,659,1,15,0,0.4,5
660,diggersby,,660,1,15,0,1,42.4
661,fletchling,,661,1,15,0,0.3,1.7
662,fletchinder,,662,1,15,0,0.7,16
663,talonflame,,663,1,15,0,1.2,24.5
664,scatterbug,,664,1,15,0,0.3,2.5
665,spewpa,,665,1,15,0,0.3,8.4
666,vivillon-icy-snow,icy-snow,666,1,15,0,1.2,17
667,litleo,,667,1,15,0,0.6,13.5
668,pyroar,,668,1,15,0,1.5,81.5
669,flabebe-red,red,669,1,15,0,0.1,0.1
670,floette-red,red,670,1,15,0,0.2,0.9
671,florges-red,red,671,1,15,0,1.1,10
672,skiddo,,672,1,15,0,0.9,31
673,gogoat,,673,1,15,0,1.7,91
674,pancham,,674,1,15,0,0.6,8
675,pangoro,,675,1,15,0,2.1,136
676,furfrou-natural,natural,676,1,15,0,1.2,28
677,espurr,,677,1,15,0,0.3,3.5
678,meowstic-male,male,678,1,15,0,0.6,8.5
679,honedge,,679,1,15,0,0.8,2
680,doublade,,680,1,15,0,0.8,4.5
681,aegislash-shield,shield,681,1,15,0,1.7,53
682,spritzee,,682,1,15,0,0.2,0.5
683,aromatisse,,683,1,15,0,0.8,15.5
684,swirlix,,684,1,15,0,0.4,3.5
685,slurpuff,,685,1,15,0,0.8,5
686,inkay,,686,1,15,0,0.4,3.5
687,malamar,,687,1,15,0,1.5,47
688,binacle,,688,1,15,0,0.5,31
689,barbaracle,,689,1,15,0,1.3,96
690,skrelp,,690,1,15,0,0.5,7.3
691,dragalge,,691,1,15,0,1.8,81.5
692,clauncher,,692,1,15,0,0.5,8.3
693,clawitzer,,693,1,15,0,1.3,35.3
694,helioptile,,694,1,15,0,0.5,6
695,heliolisk,,695,1,15,0,1,21
696,tyrunt,,696,1,15,0,0.8,26
697,tyrantrum,,697,1,15,0,2.5,270
698,amaura,,698,1,15,0,1.3,25.2
699,aurorus,,699,1,15,0,2.7,225
700,sylveon,,700,1,15,0,1,23.5
701,hawlucha,,701,1,15,0,0.8,21.5
702,dedenne,,702,1,15,0,0.2,2.2
703,carbink,,703,1,15,0,0.3,5.7
704,goomy,,704,1,15,0,0.3,2.8
705,sliggoo,,705,1,15,0,0.8,17.5
706,goodra,,706,1,15,0,2,150.5
707,klefki,,707,1,15,0,0.2,3
708,phantump,,708,1,15,0,0.4,7
709,trevenant,,709,1,15,0,1.5,71
710,pumpkaboo-average,average,710,1,15,0,0.4,5
711,gourgeist-average,average,711,1,15,0,0.9,12.5
712,bergmite,,712,1,15,0,1,99.5
713,avalugg,,713,1,15,0,2,505
714,noibat,,714,1,15,0,0.5,8
715,noivern,,715,1,15,0,1.5,85
716,xerneas-neutral,neutral,716,1,15,0,3,215
717,yveltal,,717,1,15,0,5.8,203
718,zygarde-50-aura,50-aura,718,1,15,0,5,305
719,diancie,,719,1,15,0,0.7,8.8
720,hoopa-confined,confined,720,1,15,0,0.5,9
721,volcanion,,721,1,15,0,1.7,195
722,rowlet,,722,1,17,0,0.3,1.5
723,dartrix,,723,1,17,0,0.7,16
724,decidueye,,724,1,17,0,1.6,36.6
725,litten,,725,1,17,0,0.4,4.3
726,torracat,,726,1,17,0,0.7,25
727,incineroar,,727,1,17,0,1.8,83
728,popplio,,728,1,17,0,0.4,7.5
729,brionne,,729,1,17,0,0.6,17.5
730,primarina,,730,1,17,0,1.8,44
731,pikipek,,731,1,17,0,0.3,1.2
732,trumbeak,,732,1,17,0,0.6,14.8
733,toucannon,,733,1,17,0,1.1,26
734,yungoos,,734,1,17,0,0.4,6
735,gumshoos,,735,1,17,0,0.7,14.2
736,grubbin,,736,1,17,0,0.4,4.4
737,charjabug,,737,1,17,0,0.5,10.5
738,vikavolt,,738,1,17,0,1.5,45
739,crabrawler,,739,1,17,0,0.6,7
740,crabominable,,740,1,17,0,1.7,180
741,oricorio-baile,baile,741,1,17,0,0.6,3.4
742,cutiefly,,742,1,17,0,0.1,0.2
743,ribombee,,743,1,17,0,0.2,0.5
744,rockruff,,744,1,17,0,0.5,9.2
745,lycanroc-midday,midday,745,1,17,0,0.8,25
746,wishiwashi-solo,solo,746,1,17,0,0.2,0.3
747,mareanie,,747,1,17,0,0.4,8
748,toxapex,,748,1,17,0,0.7,14.5
749,mudbray,,749,1,17,0,1,110
750,mudsdale,,750,1,17,0,2.5,920
751,dewpider,,751,1,17,0,0.3,4
752,araquanid,,752,1,17,0,1.8,82
753,fomantis,,753,1,17,0,0.3,1.5
754,lurantis,,754,1,17,0,0.9,18.5
755,morelull,,755,1,17,0,0.2,1.5
756,shiinotic,,756,1,17,0,1,11.5
757,salandit,,757,1,17,0,0.6,4.8
758,salazzle,,758,1,17,0,1.2,22.2
759,stufful,,759,1,17,0,0.5,6.8
760,bewear,,760,1,17,0,2.1,135
761,bounsweet,,761,1,17,0,0.3,3.2
762,steenee,,762,1,17,0,0.7,8.2
763,tsareena,,763,1,17,0,1.2,21.4
764,comfey,,764,1,17,0,0.1,0.3
765,oranguru,,765,1,17,0,1.5,76
766,passimian,,766,1,17,0,2,82.8
767,wimpod,,767,1,17,0,0.5,12
768,golisopod,,768,1,17,0,2,108
769,sandygast,,769,1,17,0,0.5,70
770,palossand,,770,1,17,0,1.3,250
771,pyukumuku,,771,1,17,0,0.3,1.2
772,type-null,,772,1,17,0,1.9,120.5
773,silvally-normal,normal,773,1,17,0,2.3,100.5
774,minior-meteor-red,meteor-red,774,1,17,1,0.3,40
775,komala,,775,1,17,0,0.4,19.9
776,turtonator,,776,1,17,0,2,212
777,togedemaru,,777,1,17,0,0.3,3.3
778,mimikyu-disguised,disguised,778,1,17,0,0.2,0.7
779,bruxish,,779,1,17,0,0.9,19
780,drampa,,780,1,17,0,3,185
781,dhelmise,,781,1,17,0,3.9,210
782,jangmo-o,,782,1,17,0,0.6,29.7
783,hakamo-o,,783,1,17,0,1.2,47
784,kommo-o,,784,1,17,0,1.6,78.2
785,tapu-koko,,785,1,17,0,1.8,20.5
786,tapu-lele,,786,1,17,0,1.2,18.6
787,tapu-bulu,,787,1,17,0,1.9,45.5
788,tapu-fini,,788,1,17,0,1.3,21.2
789,cosmog,,789,1,17,0,0.2,0.1
790,cosmoem,,790,1,17,0,0.1,999.9
791,solgaleo,,791,1,17,0,3.4,230
792,lunala,,792,1,17,0,4,120
793,nihilego,,793,1,17,0,1.2,55.5
794,buzzwole,,794,1,17,0,2.4,333.6
795,pheromosa,,795,1,17,0,1.8,25
796,xurkitree,,796,1,17,0,3.8,100
797,celesteela,,797,1,17,0,9.2,999.9
798,kartana,,798,1,17,0,0.3,0.1
799,guzzlord,,799,1,17,0,5.5,888
800,necrozma,,800,1,17,0,2.4,230
801,magearna,,801,1,17,0,1,80.5
802,marshadow,,802,1,17,0,0.7,22.2
803,poipole,,803,1,18,0,0.6,1.8
804,naganadel,,804,1,18,0,3.6,150
805,stakataka,,805,1,18,0,5.5,820
806,blacephalon,,806,1,18,0,1.8,13
807,zeraora,,807,1,18,0,1.5,44.5
808,meltan,,808,1,19,0,0.2,8
809,melmetal,,809,1,19,0,2.5,800
810,grookey,,810,1,20,0,0.3,5
811,thwackey,,811,1,20,0,0.7,14
812,rillaboom,,812,1,20,0,2.1,90
813,scorbunny,,813,1,20,0,0.3,4.5
814,raboot,,814,1,20,0,0.6,9
815,cinderace,,815,1,20,0,1.4,33
816,sobble,,816,1,20,0,0.3,4
817,drizzile,,817,1,20,0,0.7,11.5
818,inteleon,,818,1,20,0,1.9,45.2
819,skwovet,,819,1,20,0,0.3,2.5
820,greedent,,820,1,20,0,0.6,6
821,rookidee,,821,1,20,0,0.2,1.8
822,corvisquire,,822,1,20,0,0.8,16
823,corviknight,,823,1,20,0,2.2,75
824,blipbug,,824,1,20,0,0.4,8
825,dottler,,825,1,20,0,0.4,19.5
826,orbeetle,,826,1,20,0,0.4,40.8
827,nickit,,827,1,20,0,0.6,8.9
828,thievul,,828,1,20,0,1.2,19.9
829,gossifleur,,829,1,20,0,0.4,2.2
830,eldegoss,,830,1,20,0,0.5,2.5
831,wooloo,,831,1,20,0,0.6,6
832,dubwool,,832,1,20,0,1.3,43
833,chewtle,,833,1,20,0,0.3,8.5
834,drednaw,,834,1,20,0,1,115.5
835,yamper,,835,1,20,0,0.3,13.5
836,boltund,,836,1,20,0,1,34
837,rolycoly,,837,1,20,0,0.3,12
838,carkol,,838,1,20,0,1.1,78
839,coalossal,,839,1,20,0,2.8,310.5
840,applin,,840,1,20,0,0.2,0.5
841,flapple,,841,1,20,0,0.3,1
842,appletun,,842,1,20,0,0.4,13
843,silicobra,,843,1,20,0,2.2,7.6
844,sandaconda,,844,1,20,0,3.8,65.5
845,cramorant,,845,1,20,0,0.8,18
846,arrokuda,,846,1,20,0,0.5,1
847,barraskewda,,847,1,20,0,1.3,30
848,toxel,,848,1,20,0,0.4,11
849,toxtricity-amped,amped,849,1,20,0,1.6,40
850,sizzlipede,,850,1,20,0,0.7,1
851,centiskorch,,851,1,20,0,3,120
852,clobbopus,,852,1,20,0,0.6,4
853,grapploct,,853,1,20,0,1.6,39
854,sinistea-phony,phony,854,1,20,0,0.1,0.2
855,polteageist-phony,phony,855,1,20,0,0.2,0.4
856,hatenna,,856,1,20,0,0.4,3.4
857,hattrem,,857,1,20,0,0.6,4.8
858,hatterene,,858,1,20,0,2.1,5.1
859,impidimp,,859,1,20,0,0.4,5.5
860,morgrem,,860,1,20,0,0.8,12.5
861,grimmsnarl,,861,1,20,0,1.5,61
862,obstagoon,,862,1,20,0,1.6,46
863,perrserker,,863,1,20,0,0.8,28
864,cursola,,864,1,20,0,1,0.4
865,sirfetch-d,,865,1,20,0,0.8,117
866,mr-rime,,866,1,20,0,1.5,58.2
867,runerigus,,867,1,20,0,1.6,66.6
868,milcery,,868,1,20,0,0.2,0.3
869,alcremie-vanilla-cream-strawberry,vanilla-cream-strawberry,869,1,20,0,0.3,0.5
870,falinks,,870,1,20,0,3,62
871,pincurchin,,871,1,20,0,0.3,1
872,snom,,872,1,20,0,0.3,3.8
873,frosmoth,,873,1,20,0,1.3,42
874,stonjourner,,874,1,20,0,2.5,520
875,eiscue-ice-face,ice-face,875,1,20,0,1.4,89
876,indeedee-male,male,876,1,20,0,0.9,28
877,morpeko-full-belly,full-belly,877,1,20,0,0.3,3
878,cufant,,878,1,20,0,1.2,10
879,copperajah,,879,1,20,0,3,650
880,dracozolt,,880,1,20,0,1.8,190
881,arctozolt,,881,1,20,0,2.3,150
882,dracovish,,882,1,20,0,2.3,215
883,arctovish,,883,1,20,0,2,175
884,duraludon,,884,1,20,0,1.8,40
885,dreepy,,885,1,20,0,0.5,2
886,drakloak,,886,1,20,0,1.4,11
887,dragapult,,887,1,20,0,3,50
888,zacian,hero,888,1,20,0,2.8,110
889,zamazenta,hero,889,1,20,0,2.9,210
890,eternatus,,890,1,20,0,20,950
891,kubfu,,891,1,20,0,0.6,12
892,urshifu-single-strike,single-strike,892,1,20,0,1.9,105
893,zarude,,893,1,20,0,1.8,70
894,regieleki,,894,1,20,0,1.2,145
895,regidrago,,895,1,20,0,2.1,200
896,glastrier,,896,1,20,0,2.2,800
897,spectrier,,897,1,20,0,2,44.5
898,calyrex,,898,1,20,0,1.1,7.7
899,wyrdeer,,899,1,22,0,1.8,95.1
900,kleavor,,900,1,22,0,1.8,89
901,ursaluna,,901,1,22,0,2.4,290
902,basculegion-male,male,902,1,22,0,3,110
903,sneasler,,903,1,22,0,1.3,43
904,overqwil,,904,1,22,0,2.5,60.5
905,enamorus-incarnate,incarnate,905,1,22,0,1.6,48
906,sprigatito,,906,1,23,0,0.4,4.1
907,floragato,,907,1,23,0,0.9,12.2
908,meowscarada,,908,1,23,0,1.5,31.2
909,fuecoco,,909,1,23,0,0.4,9.8
910,crocalor,,910,1,23,0,1,30.7
911,skeledirge,,911,1,23,0,1.6,326.5
912,quaxly,,912,1,23,0,0.5,6.1
913,quaxwell,,913,1,23,0,1.2,21.5
914,quaquaval,,914,1,23,0,1.8,61.9
915,lechonk,,915,1,23,0,0.5,10.2
916,oinkologne-male,male,916,1,23,0,1,120
917,tarountula,,917,1,23,0,0.3,4
918,spidops,,918,1,23,0,1,16.5
919,nymble,,919,1,23,0,0.2,1
920,lokix,,920,1,23,0,1,17.5
921,pawmi,,921,1,23,0,0.3,2.5
922,pawmo,,922,1,23,0,0.4,6.5
923,pawmot,,923,1,23,0,0.9,41
924,tandemaus,,924,1,23,0,0.3,1.8
925,maushold-family-of-three,family-of-three,925,1,23,0,0.3,2.3
926,fidough,,926,1,23,0,0.3,10.9
927,dachsbun,,927,1,23,0,0.5,14.9
928,smoliv,,928,1,23,0,0.3,6.5
929,dolliv,,929,1,23,0,0.6,11.9
930,arboliva,,930,1,23,0,1.4,48.2
931,squawkabilly-green,green,931,1,23,0,0.6,2.4
932,nacli,,932,1,23,0,0.4,16
933,naclstack,,933,1,23,0,0.6,105
934,garganacl,,934,1,23,0,2.3,240
935,charcadet,,935,1,23,0,0.6,10.5
936,armarouge,,936,1,23,0,1.5,85
937,ceruledge,,937,1,23,0,1.6,62
938,tadbulb,,938,1,23,0,0.3,0.4
939,bellibolt,,939,1,23,0,1.2,113
940,wattrel,,940,1,23,0,0.4,3.6
941,kilowattrel,,941,1,23,0,1.4,38.6
942,maschiff,,942,1,23,0,0.5,16
943,mabosstiff,,943,1,23,0,1.1,61
944,shroodle,,944,1,23,0,0.2,0.7
945,grafaiai,,945,1,23,0,0.7,27.2
946,bramblin,,946,1,23,0,0.6,0.6
947,brambleghast,,947,1,23,0,1.2,6
948,toedscool,,948,1,23,0,0.9,33
949,toedscruel,,949,1,23,0,1.9,58
950,klawf,,950,1,23,0,1.3,79
951,capsakid,,951,1,23,0,0.3,3
952,scovillain,,952,1,23,0,0.9,15
953,rellor,,953,1,23,0,0.2,1
954,rabsca,,954,1,23,0,0.3,3.5
955,flittle,,955,1,23,0,0.2,1.5
956,espathra,,956,1,23,0,1.9,90
957,tinkatink,,957,1,23,0,0.4,8.9
958,tinkatuff,,958,1,23,0,0.7,59.1
959,tinkaton,,959,1,23,0,0.7,112.8
960,wiglett,,960,1,23,0,1.2,1.8
961,wugtrio,,961,1,23,0,1.2,5.4
962,bombirdier,,962,1,23,0,1.5,42.9
963,finizen,,963,1,23,0,1.3,60.2
964,palafin-zero,zero,964,1,23,0,1.3,60.2
965,varoom,,965,1,23,0,1,35
966,revavroom,,966,1,23,0,1.8,120
967,cyclizar,,967,1,23,0,1.6,63
968,orthworm,,968,1,23,0,2.5,310
969,glimmet,,969,1,23,0,0.7,8
970,glimmora,,970,1,23,0,1.5,45
971,greavard,,971,1,23,0,0.6,35
972,houndstone,,972,1,23,0,2,15
973,flamigo,,973,1,23,0,1.6,37
974,cetoddle,,974,1,23,0,1.2,45
975,cetitan,,975,1,23,0,4.5,700
976,veluza,,976,1,23,0,2.5,90
977,dondozo,,977,1,23,0,12,220
978,tatsugiri-curly,curly,978,1,23,0,0.3,8
979,annihilape,,979,1,23,0,1.2,56
980,clodsire,,980,1,23,0,1.8,223
981,farigiraf,,981,1,23,0,3.2,160
982,dudunsparce-two-segment,two-segment,982,1,23,0,3.6,39.2
983,kingambit,,983,1,23,0,2,120
984,great-tusk,,984,1,23,0,2.2,320
985,scream-tail,,985,1,23,0,1.2,8
986,brute-bonnet,,986,1,23,0,1.2,21
987,flutter-mane,,987,1,23,0,1.4,4
988,slither-wing,,988,1,23,0,3.2,92
989,sandy-shocks,,989,1,23,0,2.3,60
990,iron-treads,,990,1,23,0,0.9,240
991,iron-bundle,,991,1,23,0,0.6,11
992,iron-hands,,992,1,23,0,1.8,380.7
993,iron-jugulis,,993,1,23,0,1.3,111
994,iron-moth,,994,1,23,0,1.2,36
995,iron-thorns,,995,1,23,0,1.6,303
996,frigibax,,996,1,23,0,0.5,17
997,arctibax,,997,1,23,0,0.8,30
998,baxcalibur,,998,1,23,0,2.1,210
999,gimmighoul-chest,chest,999,1,23,0,0.3,5
1000,gholdengo,,1000,1,23,0,1.2,30
1001,wo-chien,,1001,1,23,0,1.5,74.2
1002,chien-pao,,1002,1,23,0,1.9,152.2
1003,ting-lu,,1003,1,23,0,2.7,699.7
1004,chi-yu,,1004,1,23,0,0.4,4.9
1005,roaring-moon,,1005,1,23,0,2,380
1006,iron-valiant,,1006,1,23,0,1.4,35
1007,koraidon-apex-build,apex-build,1007,1,23,0,2.5,303
1008,miraidon-ultimate-mode,ultimate-mode,1008,1,23,0,3.5,240
1009,walking-wake,,1009,1,23,0,3.5,280
1010,iron-leaves,,1010,1,23,0,1.5,125
1011,dipplin,,1011,1,23,0,0.4,4.4
1012,poltchageist-counterfeit,counterfeit,1012,1,23,0,0.1,1.1
1013,sinistcha-unremarkable,unremarkable,1013,1,23,0,0.2,2.2
1014,okidogi,,1014,1,23,0,1.8,92.2
1015,munkidori,,1015,1,23,0,1,12.2
1016,fezandipiti,,1016,1,23,0,1.4,30.1
1017,ogerpon-teal-mask,teal-mask,1017,1,23,0,1.2,39.8
1018,archaludon,,1018,1,23,0,2,60
1019,hydrapple,,1019,1,23,0,1.8,93
1020,gouging-fire,,1020,1,23,0,3.5,590
1021,raging-bolt,,1021,1,23,0,5.2,480
1022,iron-boulder,,1022,1,23,0,1.5,162.5
1023,iron-crown,,1023,1,23,0,1.6,156
1024,terapagos-normal,normal,1024,1,23,0,0.2,6.5
1025,pecharunt,,1025,1,23,0,0.3,0.3
10001,castform-sunny,sunny,10001,1,7,1,0.3,0.8
10002,castform-rainy,rainy,10002,1,7,1,0.3,0.8
10003,castform-snowy,snowy,10003,1,7,1,0.3,0.8
10004,deoxys-attack,attack,10004,1,8,0,1.7,60.8
10005,deoxys-defense,defense,10005,1,8,0,1.7,60.8
10006,deoxys-speed,speed,10006,1,9,0,1.7,60.8
10007,wormadam-sandy,sandy,10007,1,10,0,0.5,6.5
10008,wormadam-trash,trash,10008,1,10,0,0.5,6.5
10009,arceus-fighting,fighting,10009,1,10,0,3.2,320
10010,arceus-flying,flying,10010,1,10,0,3.2,320
10011,arceus-poison,poison,10011,1,10,0,3.2,320
10012,arceus-ground,ground,10012,1,10,0,3.2,320
10013,arceus-rock,rock,10013,1,10,0,3.2,320
10014,arceus-bug,bug,10014,1,10,0,3.2,320
10015,arceus-ghost,ghost,10015,1,10,0,3.2,320
10016,arceus-steel,steel,10016,1,10,0,3.2,320
10017,arceus-fire,fire,10017,1,10,0,3.2,320
10018,arceus-water,water,10018,1,10,0,3.2,320
10019,arceus-grass,grass,10019,1,10,0,3.2,320
10020,arceus-electric,electric,10020,1,10,0,3.2,320
10021,arceus-psychic,psychic,10021,1,10,0,3.2,320
10022,arceus-ice,ice,10022,1,10,0,3.2,320
10023,arceus-dragon,dragon,10023,1,10,0,3.2,320
10024,arceus-dark,dark,10024,1,10,0,3.2,320
10025,arceus-unknown,unknown,10025,1,10,0,3.2,320
10026,rotom-heat,heat,10026,1,11,0,0.3,0.3
10027,rotom-wash,wash,10027,1,11,0,0.3,0.3
10028,rotom-frost,frost,10028,1,11,0,0.3,0.3
10029,rotom-fan,fan,10029,1,11,0,0.3,0.3
10030,rotom-mow,mow,10030,1,11,0,0.3,0.3
10031,giratina-origin,origin,10031,1,11,0,6.9,650
10032,shaymin-sky,sky,10032,1,11,0,0.4,5.2
10033,pichu-spiky-eared,spiky-eared,10033,1,12,0,0.3,2
10034,basculin-blue,blue,10034,1,13,0,1,18
10035,darmanitan-zen,zen,10035,1,13,1,1.3,92.9
10036,meloetta-pirouette,pirouette,10036,1,13,1,0.6,6.5
10037,tornadus-therian,therian,10037,1,14,0,1.4,63
10038,thundurus-therian,therian,10038,1,14,0,3,61
10039,landorus-therian,therian,10039,1,14,0,1.3,68
10040,kyurem-white,white,10040,1,14,0,3.6,325
10041,kyurem-black,black,10041,1,14,0,3.3,325
10042,venusaur-mega,mega,10042,1,15,1,2.4,155.5
10043,charizard-mega-x,mega-x,10043,1,15,1,1.7,110.5
10044,charizard-mega-y,mega-y,10044,1,15,1,1.7,100.5
10045,blastoise-mega,mega,10045,1,15,1,1.6,101.1
10046,alakazam-mega,mega,10046,1,15,1,1.2,48
10047,gengar-mega,mega,10047,1,15,1,1.4,40.5
10048,kangaskhan-mega,mega,10048,1,15,1,2.2,100
10049,pinsir-mega,mega,10049,1,15,1,1.7,59
10050,gyarados-mega,mega,10050,1,15,1,6.5,305
10051,aerodactyl-mega,mega,10051,1,15,1,2.1,79
10052,mewtwo-mega-x,mega-x,10052,1,15,1,2.3,127
10053,mewtwo-mega-y,mega-y,10053,1,15,1,1.5,33
10054,ampharos-mega,mega,10054,1,15,1,1.4,61.5
10055,scizor-mega,mega,10055,1,15,1,2,125
10056,heracross-mega,mega,10056,1,15,1,1.7,62.5
10057,houndoom-mega,mega,10057,1,15,1,1.9,49.5
10058,tyranitar-mega,mega,10058,1,15,1,2.5,255
10059,blaziken-mega,mega,10059,1,15,1,1.9,52
10060,gardevoir-mega,mega,10060,1,15,1,1.6,48.4
10061,mawile-mega,mega,10061,1,15,1,1,23.5
10062,aggron-mega,mega,10062,1,15,1,2.2,395
10063,medicham-mega,mega,10063,1,15,1,1.3,31.5
10064,manectric-mega,mega,10064,1,15,1,1.8,44
10065,banette-mega,mega,10065,1,15,1,1.2,13
10066,absol-mega,mega,10066,1,15,1,1.2,49
10067,latias-mega,mega,10067,1,15,1,1.8,52
10068,latios-mega,mega,10068,1,15,1,2.3,70
10069,garchomp-mega,mega,10069,1,15,1,1.9,95
10070,lucario-mega,mega,10070,1,15,1,1.3,57.5
10071,abomasnow-mega,mega,10071,1,15,1,2.7,185
10072,arceus-fairy,fairy,10072,1,15,0,3.2,320
10073,floette-eternal,eternal,10073,1,15,0,0.2,0.9
10074,meowstic-female,female,10074,1,15,0,0.6,8.5
10075,aegislash-blade,blade,10075,1,15,1,1.7,53
10076,pumpkaboo-small,small,10076,1,15,0,0.3,3.5
10077,pumpkaboo-large,large,10077,1,15,0,0.5,7.5
10078,pumpkaboo-super,super,10078,1,15,0,0.8,15
10079,gourgeist-small,small,10079,1,15,0,0.7,9.5
10080,gourgeist-large,large,10080,1,15,0,1.1,14
10081,gourgeist-super,super,10081,1,15,0,1.7,39
10082,beedrill-mega,mega,10082,1,16,1,1.4,40.5
10083,pidgeot-mega,mega,10083,1,16,1,2.2,50.5
10084,pikachu-cosplay-rock-star,cosplay-rock-star,10084,1,16,0,4,6
10085,pikachu-cosplay-belle,cosplay-belle,10085,1,16,0,4,6
10086,pikachu-cosplay-pop-star,cosplay-pop-star,10086,1,16,0,4,6
10087,pikachu-cosplay-ph-d,cosplay-ph-d,10087,1,16,0,4,6
10088,pikachu-cosplay-libre,cosplay-libre,10088,1,16,0,4,6
10089,pikachu-cosplay,cosplay,10089,1,16,0,4,6
10090,slowbro-mega,mega,10090,1,16,1,2,120
10091,steelix-mega,mega,10091,1,16,1,10.5,740
10092,sceptile-mega,mega,10092,1,16,1,1.9,55.2
10093,swampert-mega,mega,10093,1,16,1,1.9,102
10094,sableye-mega,mega,10094,1,16,1,0.5,161
10095,sharpedo-mega,mega,10095,1,16,1,2.5,130.3
10096,camerupt-mega,mega,10096,1,16,1,2.5,320.5
10097,altaria-mega,mega,10097,1,16,1,1.5,20.6
10098,glalie-mega,mega,10098,1,16,1,2.1,350.2
10099,salamence-mega,mega,10099,1,16,1,1.8,112.6
10100,metagross-mega,mega,10100,1,16,1,2.5,942.9
10101,kyogre-primal,primal,10101,1,16,1,9.8,430
10102,groudon-primal,primal,10102,1,16,1,5,999.7
10103,rayquaza-mega,mega,10103,1,16,1,10.8,392
10104,lopunny-mega,mega,10104,1,16,1,1.3,28.3
10105,gallade-mega,mega,10105,1,16,1,1.6,56.4
10106,audino-mega,mega,10106,1,16,1,1.5,32
10107,diancie-mega,mega,10107,1,16,1,1.1,27.8
10108,hoopa-unbound,unbound,10108,1,16,0,6.5,490
10109,rattata-alola,alola,10109,1,17,0,0.3,3.8
10110,raticate-alola,alola,10110,1,17,0,0.7,25.5
10111,raticate-totem,totem,10111,1,17,0,1.4,105
10112,pikachu-cap-original,cap-original,10112,1,17,0,0.4,6
10113,raichu-alola,alola,10113,1,17,0,0.7,21
10114,sandshrew-alola,alola,10114,1,17,0,0.7,40
10115,sandslash-alola,alola,10115,1,17,0,1.2,55
10116,vulpix-alola,alola,10116,1,17,0,0.6,9.9
10117,ninetales-alola,alola,10117,1,17,0,1.1,19.9
10118,diglett-alola,alola,10118,1,17,0,0.2,1
10119,dugtrio-alola,alola,10119,1,17,0,0.7,66.6
10120,meowth-alola,alola,10120,1,17,0,0.4,4.2
10121,persian-alola,alola,10121,1,17,0,1.1,33
10122,geodude-alola,alola,10122,1,17,0,0.4,20.3
10123,graveler-alola,alola,10123,1,17,0,1,110
10124,golem-alola,alola,10124,1,17,0,1.7,316
10125,grimer-alola,alola,10125,1,17,0,0.7,42
10126,muk-alola,alola,10126,1,17,0,1,52
10127,exeggutor-alola,alola,10127,1,17,0,10.9,415.6
10128,marowak-alola,alola,10128,1,17,0,1,34
10129,greninja-ash-untransformed,ash-untransformed,10129,1,17,0,1.5,40
10130,greninja-ash-transformed,ash-transformed,10130,1,17,1,1.5,40
10131,zygarde-10-aura,10-aura,10131,1,17,0,1.2,33.5
10132,zygarde-10-power,10-power,10132,1,17,0,1.2,33.5
10133,zygarde-50-power,50-power,10133,1,17,0,5,305
10134,zygarde-complete,complete,10134,1,17,1,4.5,610
10135,gumshoos-totem,totem,10135,1,17,0,1.4,60
10136,vikavolt-totem,totem,10136,1,17,0,2.6,147.5
10137,oricorio-pom-pom,pom-pom,10137,1,17,0,0.6,3.4
10138,oricorio-pa-u,pa-u,10138,1,17,0,0.6,3.4
10139,oricorio-sensu,sensu,10139,1,17,0,0.6,3.4
10140,lycanroc-midnight,midnight,10140,1,17,0,1.1,25
10141,wishiwashi-school,school,10141,1,17,1,8.2,78.6
10142,lurantis-totem,totem,10142,1,17,0,1.5,58
10143,salazzle-totem,totem,10143,1,17,0,2.1,81
10144,silvally-fighting,fighting,10144,1,17,0,2.3,100.5
10145,silvally-flying,flying,10145,1,17,0,2.3,100.5
10146,silvally-poison,poison,10146,1,17,0,2.3,100.5
10147,silvally-ground,ground,10147,1,17,0,2.3,100.5
10148,silvally-rock,rock,10148,1,17,0,2.3,100.5
10149,silvally-bug,bug,10149,1,17,0,2.3,100.5
10150,silvally-ghost,ghost,10150,1,17,0,2.3,100.5
10151,silvally-steel,steel,10151,1,17,0,2.3,100.5
10152,silvally-fire,fire,10152,1,17,0,2.3,100.5
10153,silvally-water,water,10153,1,17,0,2.3,100.5
10154,silvally-grass,grass,10154,1,17,0,2.3,100.5
10155,silvally-electric,electric,10155,1,17,0,2.3,100.5
10156,silvally-psychic,psychic,10156,1,17,0,2.3,100.5
10157,silvally-ice,ice,10157,1,17,0,2.3,100.5
10158,silvally-dragon,dragon,10158,1,17,0,2.3,100.5
10159,silvally-dark,dark,10159,1,17,0,2.3,100.5
10160,silvally-fairy,fairy,10160,1,17,0,2.3,100.5
10161,minior-core-red,core-red,10161,1,17,0,0.3,0.3
10162,mimikyu-totem-disguised,totem-disguised,10162,1,17,0,0.4,2.8
10163,kommo-o-totem,totem,10163,1,17,0,2.4,207.5
10164,marowak-totem,totem,10164,1,18,0,1.7,98
10165,ribombee-totem,totem,10165,1,18,0,0.4,2
10166,rockruff-own-tempo,own-tempo,10166,1,18,0,0.5,9.2
10167,lycanroc-dusk,dusk,10167,1,18,0,0.8,25
10168,araquanid-totem,totem,10168,1,18,0,3.1,217.5
10169,togedemaru-totem,totem,10169,1,18,0,0.6,13
10170,necrozma-dusk-mane,dusk-mane,10170,1,18,0,3.8,460
10171,necrozma-dawn-wings,dawn-wings,10171,1,18,0,4.2,350
10172,necrozma-ultra,ultra,10172,1,18,1,7.5,230
10173,pikachu-partner,partner,10173,1,19,0,0.4,6
10174,eevee-partner,partner,10174,1,19,0,0.3,6.5
10175,meowth-galar,galar,10175,1,20,0,0.4,7.5
10176,ponyta-galar,galar,10176,1,20,0,0.8,24
10177,rapidash-galar,galar,10177,1,20,0,1.7,80
10178,farfetch-d-galar,galar,10178,1,20,0,0.8,42
10179,weezing-galar,galar,10179,1,20,0,3,16
10180,mr-mime-galar,galar,10180,1,20,0,1.4,56.8
10181,corsola-galar,galar,10181,1,20,0,0.6,0.5
10182,zigzagoon-galar,galar,10182,1,20,0,0.4,17.5
10183,linoone-galar,galar,10183,1,20,0,0.5,32.5
10184,darumaka-galar,galar,10184,1,20,0,0.7,40
10185,darmanitan-galar-standard,galar-standard,10185,1,20,0,1.7,120
10186,darmanitan-galar-zen,galar-zen,10186,1,20,0,1.7,120
10187,yamask-galar,galar,10187,1,20,0,0.5,1.5
10188,stunfisk-galar,galar,10188,1,20,0,0.7,20.5
10189,toxtricity-low-key,low-key,10189,1,20,0,1.6,40
10190,eiscue-noice-face,noice-face,10190,1,20,1,1.4,89
10191,indeedee-female,female,10191,1,20,0,0.9,28
10192,zacian-crowned,crowned,10192,1,20,1,2.8,355
10193,zamazenta-crowned,crowned,10193,1,20,1,2.9,785
10194,eternatus-eternamax,eternamax,10194,1,20,1,99.9,0
10195,slowpoke-galar,galar,10195,1,20,0,1.2,36
10196,slowbro-galar,galar,10196,1,20,0,1.6,70.5
10197,urshifu-rapid-strike,rapid-strike,10197,1,20,0,1.9,105
10198,articuno-galar,galar,10198,1,20,0,1.7,50.9
10199,zapdos-galar,galar,10199,1,20,0,1.6,58.2
10200,moltres-galar,galar,10200,1,20,0,2,66
10201,slowking-galar,galar,10201,1,20,0,1.8,79.5
10202,calyrex-ice-rider,ice-rider,10202,1,20,0,2.4,809.1
10203,calyrex-shadow-rider,shadow-rider,10203,1,20,0,2.4,53.6
10204,growlithe-hisui,hisui,10204,1,22,0,0.8,22.7
10205,arcanine-hisui,hisui,10205,1,22,0,2,168
10206,voltorb-hisui,hisui,10206,1,22,0,0.5,13
10207,electrode-hisui,hisui,10207,1,22,0,1.2,71
10208,typhlosion-hisui,hisui,10208,1,22,0,1.6,69.8
10209,qwilfish-hisui,hisui,10209,1,22,0,0.5,3.9
10210,sneasel-hisui,hisui,10210,1,22,0,0.9,27
10211,dialga-origin,origin,10211,1,22,0,7,850
10212,palkia-origin,origin,10212,1,22,0,6.3,660
10213,samurott-hisui,hisui,10213,1,22,0,1.5,58.2
10214,lilligant-hisui,hisui,10214,1,22,0,1.2,19.2
10215,basculin-white,white,10215,1,22,0,1,18
10216,zorua-hisui,hisui,10216,1,22,0,0.7,12.5
10217,zoroark-hisui,hisui,10217,1,22,0,1.6,73
10218,braviary-hisui,hisui,10218,1,22,0,0.8,17.3
10219,sliggoo-hisui,hisui,10219,1,22,0,0.7,68.5
10220,goodra-hisui,hisui,10220,1,22,0,1.7,334.1
10221,avalugg-hisui,hisui,10221,1,22,0,1.4,262.4
10222,decidueye-hisui,hisui,10222,1,22,0,1.6,37
10223,basculegion-female,female,10223,1,22,0,3,110
10224,enamorus-therian,therian,10224,1,22,0,1.6,48
10225,tauros-paldea-combat,paldea-combat,10225,1,23,0,1.4,115
10226,tauros-paldea-blaze,paldea-blaze,10226,1,23,0,1.4,85
10227,tauros-paldea-aqua,paldea-aqua,10227,1,23,0,1.4,110
10228,wooper-paldea,paldea,10228,1,23,0,0.4,11
10229,oinkologne-female,female,10229,1,23,0,1,120
10230,squawkabilly-blue,blue,10230,1,23,0,0.6,2.4
10231,squawkabilly-yellow,yellow,10231,1,23,0,0.6,2.4
10232,squawkabilly-white,white,10232,1,23,0,0.6,2.4
10233,palafin-hero,hero,10233,1,23,1,1.8,97.4
10234,gimmighoul-roaming,roaming,10234,1,23,0,0.1,0.1
10235,ursaluna-bloodmoon,bloodmoon,10235,1,23,0,2.7,333
10236,ogerpon-wellspring-mask,wellspring-mask,10236,1,23,0,1.2,39.8
10237,ogerpon-hearthflame-mask,hearthflame-mask,10237,1,23,0,1.2,39.8
10238,ogerpon-cornerstone-mask,cornerstone-mask,10238,1,23,0,1.2,39.8
10239,ogerpon-teal-mask-tera,teal-mask-tera,10239,1,23,1,1.2,39.8
10240,ogerpon-wellspring-mask-tera,wellspring-mask-tera,10240,1,23,1,1.2,39.8
10241,ogerpon-hearthflame-mask-tera,hearthflame-mask-tera,10241,1,23,1,1.2,39.8
10242,ogerpon-cornerstone-mask-tera,cornerstone-mask-tera,10242,1,23,1,1.2,39.8
10243,terapagos-terastal,terastal,10243,1,23,1,0.3,16
10244,terapagos-stellar,stellar,10244,1,23,1,1.7,77
20001,unown-b,b,201,0,5,0,0.5,5
20002,unown-c,c,201,0,5,0,0.5,5
20003,unown-d,d,201,0,5,0,0.5,5
20004,unown-e,e,201,0,5,0,0.5,5
20005,unown-f,f,201,0,5,0,0.5,5
20006,unown-g,g,201,0,5,0,0.5,5
20007,unown-h,h,201,0,5,0,0.5,5
20008,unown-i,i,201,0,5,0,0.5,5
20009,unown-j,j,201,0,5,0,0.5,5
20010,unown-k,k,201,0,5,0,0.5,5
20011,unown-l,l,201,0,5,0,0.5,5
20012,unown-m,m,201,0,5,0,0.5,5
20013,unown-n,n,201,0,5,0,0.5,5
20014,unown-o,o,201,0,5,0,0.5,5
20015,unown-p,p,201,0,5,0,0.5,5
20016,unown-q,q,201,0,5,0,0.5,5
20017,unown-r,r,201,0,5,0,0.5,5
20018,unown-s,s,201,0,5,0,0.5,5
20019,unown-t,t,201,0,5,0,0.5,5
20020,unown-u,u,201,0,5,0,0.5,5
20021,unown-v,v,201,0,5,0,0.5,5
20022,unown-w,w,201,0,5,0,0.5,5
20023,unown-x,x,201,0,5,0,0.5,5
20024,unown-y,y,201,0,5,0,0.5,5
20025,unown-z,z,201,0,5,0,0.5,5
20026,unown-exclamation,exclamation,201,0,7,0,0.5,5
20027,unown-question,question,201,0,7,0,0.5,5
20028,burmy-sandy,sandy,412,0,10,0,0.2,3.4
20029,burmy-trash,trash,412,0,10,0,0.2,3.4
20030,cherrim-sunshine,sunshine,421,0,10,1,0.5,9.3
20031,shellos-east,east,422,0,10,0,0.3,6.3
20032,gastrodon-east,east,423,0,10,0,0.9,29.9
20033,deerling-summer,summer,585,0,13,0,0.6,19.5
20034,deerling-autumn,autumn,585,0,13,0,0.6,19.5
20035,deerling-winter,winter,585,0,13,0,0.6,19.5
20036,sawsbuck-summer,summer,586,0,13,0,1.9,92.5
20037,sawsbuck-autumn,autumn,586,0,13,0,1.9,92.5
20038,sawsbuck-winter,winter,586,0,13,0,1.9,92.5
20039,genesect-douse,douse,649,0,13,0,1.5,82.5
20040,genesect-shock,shock,649,0,13,0,1.5,82.5
20041,genesect-burn,burn,649,0,13,0,1.5,82.5
20042,genesect-chill,chill,649,0,13,0,1.5,82.5
20043,keldeo-resolute,resolute,647,0,14,0,1.4,48.5
20044,vivillon-polar,polar,666,0,15,0,1.2,17
20045,vivillon-tundra,tundra,666,0,15,0,1.2,17
20046,vivillon-continental,continental,666,0,15,0,1.2,17
20047,vivillon-garden,garden,666,0,15,0,1.2,17
20048,vivillon-elegant,elegant,666,0,15,0,1.2,17
20049,vivillon-meadow,meadow,666,0,15,0,1.2,17
20050,vivillon-modern,modern,666,0,15,0,1.2,17
20051,vivillon-marine,marine,666,0,15,0,1.2,17
20052,vivillon-archipelago,archipelago,666,0,15,0,1.2,17
20053,vivillon-high-plains,high-plains,666,0,15,0,1.2,17
20054,vivillon-sandstorm,sandstorm,666,0,15,0,1.2,17
20055,vivillon-river,river,666,0,15,0,1.2,17
20056,vivillon-monsoon,monsoon,666,0,15,0,1.2,17
20057,vivillon-savanna,savanna,666,0,15,0,1.2,17
20058,vivillon-sun,sun,666,0,15,0,1.2,17
20059,vivillon-ocean,ocean,666,0,15,0,1.2,17
20060,vivillon-jungle,jungle,666,0,15,0,1.2,17
20061,vivillon-fancy,fancy,666,0,15,0,1.2,17
20062,vivillon-poke-ball,poke-ball,666,0,15,0,1.2,17
20063,flabebe-yellow,yellow,669,0,15,0,0.1,0.1
20064,flabebe-orange,orange,669,0,15,0,0.1,0.1
20065,flabebe-blue,blue,669,0,15,0,0.1,0.1
20066,flabebe-white,white,669,0,15,0,0.1,0.1
20067,floette-yellow,yellow,670,0,15,0,0.2,0.9
20068,floette-orange,orange,670,0,15,0,0.2,0.9
20069,floette-blue,blue,670,0,15,0,0.2,0.9
20070,floette-white,white,670,0,15,0,0.2,0.9
20071,florges-yellow,yellow,671,0,15,0,1.1,10
20072,florges-orange,orange,671,0,15,0,1.1,10
20073,florges-blue,blue,671,0,15,0,1.1,10
20074,florges-white,white,671,0,15,0,1.1,10
20075,furfrou-heart,heart,676,0,15,0,1.2,28
20076,furfrou-star,star,676,0,15,0,1.2,28
20077,furfrou-diamond,diamond,676,0,15,0,1.2,28
20078,furfrou-debutante,debutante,676,0,15,0,1.2,28
20079,furfrou-matron,matron,676,0,15,0,1.2,28
20080,furfrou-dandy,dandy,676,0,15,0,1.2,28
20081,furfrou-la-reine,la-reine,676,0,15,0,1.2,28
20082,furfrou-kabuki,kabuki,676,0,15,0,1.2,28
20083,furfrou-pharaoh,pharaoh,676,0,15,0,1.2,28
20084,xerneas-active,active,716,0,15,1,3,215
20085,pikachu-cap-hoenn,cap-hoenn,10112,0,17,0,0.4,6
20086,pikachu-cap-sinnoh,cap-sinnoh,10112,0,17,0,0.4,6
20087,pikachu-cap-unova,cap-unova,10112,0,17,0,0.4,6
20088,pikachu-cap-kalos,cap-kalos,10112,0,17,0,0.4,6
20089,pikachu-cap-alola,cap-alola,10112,0,17,0,0.4,6
20090,minior-meteor-orange,meteor-orange,774,0,17,1,0.3,40
20091,minior-meteor-yellow,meteor-yellow,774,0,17,1,0.3,40
20092,minior-meteor-green,meteor-green,774,0,17,1,0.3,40
20093,minior-meteor-blue,meteor-blue,774,0,17,1,0.3,40
20094,minior-meteor-indigo,meteor-indigo,774,0,17,1,0.3,40
20095,minior-meteor-violet,meteor-violet,774,0,17,1,0.3,40
20096,minior-core-orange,core-orange,10161,0,17,0,0.3,0.3
20097,minior-core-yellow,core-yellow,10161,0,17,0,0.3,0.3
20098,minior-core-green,core-green,10161,0,17,0,0.3,0.3
20099,minior-core-blue,core-blue,10161,0,17,0,0.3,0.3
20100,minior-core-indigo,core-indigo,10161,0,17,0,0.3,0.3
20101,minior-core-violet,core-violet,10161,0,17,0,0.3,0.3
20102,mimikyu-busted,busted,778,0,17,1,0.2,0.7
20103,mimikyu-totem-busted,totem-busted,10162,0,17,1,0.4,2.8
20104,magearna-original,original,801,0,17,0,1,80.5
20105,pikachu-cap-partner,cap-partner,10112,0,18,0,0.4,6
20106,charizard-gmax,gmax,6,0,20,1,28,90.5
20107,butterfree-gmax,gmax,12,0,20,1,17,32
20108,pikachu-gmax,gmax,25,0,20,1,21,6
20109,meowth-gmax,gmax,52,0,20,1,33,4.2
20110,machamp-gmax,gmax,68,0,20,1,25,130
20111,gengar-gmax,gmax,94,0,20,1,29,40.5
20112,kingler-gmax,gmax,99,0,20,1,19,60
20113,lapras-gmax,gmax,131,0,20,1,24,220
20114,eevee-gmax,gmax,133,0,20,1,18,6.5
20115,snorlax-gmax,gmax,143,0,20,1,35,460
20116,garbodor-gmax,gmax,569,0,20,1,21,107.3
20117,melmetal-gmax,gmax,809,0,20,1,25,800
20118,corviknight-gmax,gmax,823,0,20,1,14,75
20119,orbeetle-gmax,gmax,826,0,20,1,14,40.8
20120,drednaw-gmax,gmax,834,0,20,1,24,115.5
20121,coalossal-gmax,gmax,839,0,20,1,42,310.5
20122,flapple-gmax,gmax,841,0,20,1,24,1
20123,appletun-gmax,gmax,842,0,20,1,24,13
20124,sandaconda-gmax,gmax,844,0,20,1,22,65.5
20125,cramorant-gulping,gulping,845,0,20,1,0.8,18
20126,cramorant-gorging,gorging,845,0,20,1,0.8,18
20127,toxtricity-amped-gmax,gmax,849,0,20,1,24,40
20128,centiskorch-gmax,gmax,851,0,20,1,75,120
20129,sinistea-antique,antique,854,0,20,0,0.1,0.2
20130,polteageist-antique,antique,855,0,20,0,0.2,0.4
20131,hatterene-gmax,gmax,858,0,20,1,26,5.1
20132,grimmsnarl-gmax,gmax,861,0,20,1,32,61
20133,alcremie-vanilla-cream-berry,vanilla-cream-berry,869,0,20,0,0.3,0.5
20134,alcremie-vanilla-cream-love,vanilla-cream-love,869,0,20,0,0.3,0.5
20135,alcremie-vanilla-cream-star,vanilla-cream-star,869,0,20,0,0.3,0.5
20136,alcremie-vanilla-cream-clover,vanilla-cream-clover,869,0,20,0,0.3,0.5
20137,alcremie-vanilla-cream-flower,vanilla-cream-flower,869,0,20,0,0.3,0.5
20138,alcremie-vanilla-cream-ribbon,vanilla-cream-ribbon,869,0,20,0,0.3,0.5
20139,alcremie-ruby-cream-strawberry,ruby-cream-strawberry,869,0,20,0,0.3,0.5
20140,alcremie-ruby-cream-berry,ruby-cream-berry,869,0,20,0,0.3,0.5
20141,alcremie-ruby-cream-love,ruby-cream-love,869,0,20,0,0.3,0.5
20142,alcremie-ruby-cream-star,ruby-cream-star,869,0,20,0,0.3,0.5
20143,alcremie-ruby-cream-clover,ruby-cream-clover,869,0,20,0,0.3,0.5
20144,alcremie-ruby-cream-flower,ruby-cream-flower,869,0,20,0,0.3,0.5
20145,alcremie-ruby-cream-ribbon,ruby-cream-ribbon,869,0,20,0,0.3,0.5
20146,alcremie-matcha-cream-strawberry,matcha-cream-strawberry,869,0,20,0,0.3,0.5
20147,alcremie-matcha-cream-berry,matcha-cream-berry,869,0,20,0,0.3,0.5
20148,alcremie-matcha-cream-love,matcha-cream-love,869,0,20,0,0.3,0.5
20149,alcremie-matcha-cream-star,matcha-cream-star,869,0,20,0,0.3,0.5
20150,alcremie-matcha-cream-clover,matcha-cream-clover,869,0,20,0,0.3,0.5
20151,alcremie-matcha-cream-flower,matcha-cream-flower,869,0,20,0,0.3,0.5
20152,alcremie-matcha-cream-ribbon,matcha-cream-ribbon,869,0,20,0,0.3,0.5
20153,alcremie-mint-cream-strawberry,mint-cream-strawberry,869,0,20,0,0.3,0.5
20154,alcremie-mint-cream-berry,mint-cream-berry,869,0,20,0,0.3,0.5
20155,alcremie-mint-cream-love,mint-cream-love,869,0,20,0,0.3,0.5
20156,alcremie-mint-cream-star,mint-cream-star,869,0,20,0,0.3,0.5
20157,alcremie-mint-cream-clover,mint-cream-clover,869,0,20,0,0.3,0.5
20158,alcremie-mint-cream-flower,mint-cream-flower,869,0,20,0,0.3,0.5
20159,alcremie-mint-cream-ribbon,mint-cream-ribbon,869,0,20,0,0.3,0.5
20160,alcremie-lemon-cream-strawberry,lemon-cream-strawberry,869,0,20,0,0.3,0.5
20161,alcremie-lemon-cream-berry,lemon-cream-berry,869,0,20,0,0.3,0.5
20162,alcremie-lemon-cream-love,lemon-cream-love,869,0,20,0,0.3,0.5
20163,alcremie-lemon-cream-star,lemon-cream-star,869,0,20,0,0.3,0.5
20164,alcremie-lemon-cream-clover,lemon-cream-clover,869,0,20,0,0.3,0.5
20165,alcremie-lemon-cream-flower,lemon-cream-flower,869,0,20,0,0.3,0.5
20166,alcremie-lemon-cream-ribbon,lemon-cream-ribbon,869,0,20,0,0.3,0.5
20167,alcremie-salted-cream-strawberry,salted-cream-strawberry,869,0,20,0,0.3,0.5
20168,alcremie-salted-cream-berry,salted-cream-berry,869,0,20,0,0.3,0.5
20169,alcremie-salted-cream-love,salted-cream-love,869,0,20,0,0.3,0.5
20170,alcremie-salted-cream-star,salted-cream-star,869,0,20,0,0.3,0.5
20171,alcremie-salted-cream-clover,salted-cream-clover,869,0,20,0,0.3,0.5
20172,alcremie-salted-cream-flower,salted-cream-flower,869,0,20,0,0.3,0.5
20173,alcremie-salted-cream-ribbon,salted-cream-ribbon,869,0,20,0,0.3,0.5
20174,alcremie-ruby-swirl-strawberry,ruby-swirl-strawberry,869,0,20,0,0.3,0.5
20175,alcremie-ruby-swirl-berry,ruby-swirl-berry,869,0,20,0,0.3,0.5
20176,alcremie-ruby-swirl-love,ruby-swirl-love,869,0,20,0,0.3,0.5
20177,alcremie-ruby-swirl-star,ruby-swirl-star,869,0,20,0,0.3,0.5
20178,alcremie-ruby-swirl-clover,ruby-swirl-clover,869,0,20,0,0.3,0.5
20179,alcremie-ruby-swirl-flower,ruby-swirl-flower,869,0,20,0,0.3,0.5
20180,alcremie-ruby-swirl-ribbon,ruby-swirl-ribbon,869,0,20,0,0.3,0.5
20181,alcremie-caramel-swirl-strawberry,caramel-swirl-strawberry,869,0,20,0,0.3,0.5
20182,alcremie-caramel-swirl-berry,caramel-swirl-berry,869,0,20,0,0.3,0.5
20183,alcremie-caramel-swirl-love,caramel-swirl-love,869,0,20,0,0.3,0.5
20184,alcremie-caramel-swirl-star,caramel-swirl-star,869,0,20,0,0.3,0.5
20185,alcremie-caramel-swirl-clover,caramel-swirl-clover,869,0,20,0,0.3,0.5
20186,alcremie-caramel-swirl-flower,caramel-swirl-flower,869,0,20,0,0.3,0.5
20187,alcremie-caramel-swirl-ribbon,caramel-swirl-ribbon,869,0,20,0,0.3,0.5
20188,alcremie-rainbow-swirl-strawberry,rainbow-swirl-strawberry,869,0,20,0,0.3,0.5
20189,alcremie-rainbow-swirl-berry,rainbow-swirl-berry,869,0,20,0,0.3,0.5
20190,alcremie-rainbow-swirl-love,rainbow-swirl-love,869,0,20,0,0.3,0.5
20191,alcremie-rainbow-swirl-star,rainbow-swirl-star,869,0,20,0,0.3,0.5
20192,alcremie-rainbow-swirl-clover,rainbow-swirl-clover,869,0,20,0,0.3,0.5
20193,alcremie-rainbow-swirl-flower,rainbow-swirl-flower,869,0,20,0,0.3,0.5
20194,alcremie-rainbow-swirl-ribbon,rainbow-swirl-ribbon,869,0,20,0,0.3,0.5
20195,alcremie-gmax,gmax,869,0,20,1,30,0.5
20196,morpeko-hangry,hangry,877,0,20,1,0.3,3
20197,copperajah-gmax,gmax,879,0,20,1,23,650
20198,duraludon-gmax,gmax,884,0,20,1,43,40
20199,toxtricity-low-key-gmax,gmax,10189,0,20,1,24,40
20200,venusaur-gmax,gmax,3,0,20,1,24,100
20201,blastoise-gmax,gmax,9,0,20,1,25,85.5
20202,rillaboom-gmax,gmax,812,0,20,1,28,90
20203,cinderace-gmax,gmax,815,0,20,1,27,33
20204,inteleon-gmax,gmax,818,0,20,1,40,45.2
20205,urshifu-single-strike-gmax,gmax,892,0,20,1,29,105
20206,zarude-dada,dada,893,0,20,0,1.8,70
20207,pikachu-cap-world,cap-world,10112,0,20,0,0.4,6
20208,urshifu-rapid-strike-gmax,gmax,10197,0,20,1,26,105
20209,kleavor-noble,noble,900,0,22,0,1.8,89
20210,arcanine-noble,noble,10205,0,22,0,2,168
20211,electrode-noble,noble,10207,0,22,0,1.2,71
20212,lilligant-noble,noble,10214,0,22,0,1.2,19.2
20213,avalugg-noble,noble,10221,0,22,0,1.4,262.4
20214,maushold-family-of-four,family-of-four,925,0,23,0,0.3,2.8
20215,tatsugiri-droopy,droopy,978,0,23,0,0.3,8
20216,tatsugiri-stretchy,stretchy,978,0,23,0,0.3,8
20217,dudunsparce-three-segment,three-segment,982,0,23,0,4.5,47.4
20218,koraidon-limited-build,limited-build,1007,0,23,0,3.5,303
20219,koraidon-sprinting-build,sprinting-build,1007,0,23,0,3.5,303
20220,koraidon-swimming-build,swimming-build,1007,0,23,0,3.5,303
20221,koraidon-gliding-build,gliding-build,1007,0,23,0,3.5,303
20222,miraidon-low-power-mode,low-power-mode,1008,0,23,0,2.8,240
20223,miraidon-drive-mode,drive-mode,1008,0,23,0,2.8,240
20224,miraidon-aquatic-mode,aquatic-mode,1008,0,23,0,2.8,240
20225,miraidon-glide-mode,glide-mode,1008,0,23,0,2.8,240
20226,poltchageist-artisan,artisan,1012,0,23,0,0.1,1.1
20227,sinistcha-masterpiece,masterpiece,1013,0,23,0,0.2,2.2
